{"Accuracy Score": 0.32, "Precision Score": 0.047619047619047616, "Recall Score": 1.0, "F1 Score": 0.0909090909090909, "R2 Score": -19.703933747412}